targetField,中文说明,是否必填,当前样例值,建议来源,来源系统,来源表或Sheet,来源字段,转换规则,待确认问题
id,任务唯一标识,是,batch_pa101,工单号/批次号/订单行号,,,,建议统一为英文小写+下划线且在本次请求内唯一,用工单粒度还是批次粒度进入排产
label,任务显示名称,是,Batch PA-101,工单名称/批次名称,,,,面向页面展示保留业务可读名称,是否需要拼接客户单号或品名
productCode,产品编码,是,PA-101,物料编码/配方编码,,,,保留业务产品主键或批次所属产品编码,一个任务是否只对应一个产品编码
durationMinutes,任务持续时长(分钟),是,480,标准工时/经验工时/工艺时长,,,,统一换算为分钟且必须大于 0,取标准时长还是最近实际均值
dueMinutes,截止分钟,是,960,交期/完工要求时间,,,,用截止时间减 scheduleStartAt 并换算为分钟,交期来自订单承诺时间还是计划完工时间
priority,优先级,是,5,业务优先级/订单紧急度,,,,统一映射为大于 0 的整数且数值越大越重要,是否需要建立优先级映射表
candidateResourceIds,候选资源列表,是,"[\"reactor_r01\",\"reactor_r02\"]",工艺路线/可生产设备清单,,,,映射为已存在资源 id 的 JSON 数组且至少一个,候选设备来自 BOM 路线还是设备能力矩阵
pinnedResourceId,固定资源,否,reactor_r03,指定设备/锁定设备,,,,仅在业务明确指定设备时填写且必须属于候选资源,哪些场景需要强制锁机
pinnedStartMinutes,固定开始分钟,否,2040,指定开工时间/预约窗口,,,,用固定开始时间减 scheduleStartAt 并换算为分钟,哪些订单需要锁定开工时点
