field,value,notes
scenarioName,snow-beer-phase4-fermentation-tank-success,Phase 4 fermentation tank rule contract success sample
dataVersion,snow_beer_phase4_fermentation_tank_success_2026_07_02,Sample version tag
scheduleStartAt,2026-12-24T00:00:00Z,UTC baseline equals local 2026-12-24 08:00
horizonMinutes,4320,3-day horizon for tank-rule contract smoke
objectiveWeights.tardiness,100,Keep due-date pressure dominant
objectiveWeights.earliness,2,Pull terminal packaging lots closer to demand due dates
objectiveWeights.makespan,1,Secondary objective
solverConfig.timeLimitSeconds,120,Local smoke baseline
solverConfig.numSearchWorkers,4,Local baseline worker count
